{"accuracy": [0.3665435314178467, 0.453125, 0.5209631323814392, 0.5625, 0.5924425721168518, 0.671875, 0.6372396349906921, 0.59375, 0.6687288880348206, 0.5625], "loss": [1.895450472831726, 1.4292641878128052, 1.3302980661392212, 1.213065505027771, 1.144987940788269, 1.2712432146072388, 1.0271903276443481, 1.084195852279663, 0.9498178362846375, 1.1383953094482422], "val_accuracy": [0.4943999946117401, 0.49239999055862427, 0.5842000246047974, 0.5845999717712402, 0.5734000205993652, 0.5735999941825867, 0.6376000046730042, 0.6331999897956848, 0.6863999962806702, 0.6894000172615051], "val_loss": [1.4487568140029907, 1.4577783346176147, 1.2018964290618896, 1.2076563835144043, 1.283949851989746, 1.2933073043823242, 1.0380656719207764, 1.0532463788986206, 0.9084355235099792, 0.9015843868255615], "learning_rate": [0.0010000000474974513, 0.0010000000474974513, 0.0010000000474974513, 0.0010000000474974513, 0.0010000000474974513, 0.0010000000474974513, 0.0010000000474974513, 0.0010000000474974513, 0.0010000000474974513, 0.0010000000474974513]}